{
  "results": [
    {
      "command": "default",
      "mean": 1.7782014364800003,
      "stddev": 0.06039894875549064,
      "median": 1.74916346928,
      "user": 9.42428246,
      "system": 0.36366037999999995,
      "min": 1.71075884528,
      "max": 1.8509272612800003,
      "times": [
        1.8509272612800003,
        1.7474804692800001,
        1.71075884528,
        1.8326771372800001,
        1.74916346928
      ],
      "memory_usage_byte": [
        107954176,
        108036096,
        108150784,
        108150784,
        108216320
      ],
      "exit_codes": [
        0,
        0,
        0,
        0,
        0
      ]
    },
    {
      "command": "mimalloc",
      "mean": 1.5740472700800001,
      "stddev": 0.026120939254883863,
      "median": 1.5862297612800003,
      "user": 8.10538626,
      "system": 0.37825958000000004,
      "min": 1.54032017828,
      "max": 1.59994134528,
      "times": [
        1.5862297612800003,
        1.59140867828,
        1.55233638728,
        1.59994134528,
        1.54032017828
      ],
      "memory_usage_byte": [
        113967104,
        113967104,
        113967104,
        113967104,
        113967104
      ],
      "exit_codes": [
        0,
        0,
        0,
        0,
        0
      ]
    },
    {
      "command": "custom-alloc",
      "mean": 1.6835612280799999,
      "stddev": 0.06097155739561947,
      "median": 1.7015404282800002,
      "user": 8.98673446,
      "system": 0.34367677999999996,
      "min": 1.5842866782800002,
      "max": 1.7320432612800003,
      "times": [
        1.5842866782800002,
        1.7015404282800002,
        1.72998930328,
        1.6699464692800001,
        1.7320432612800003
      ],
      "memory_usage_byte": [
        113967104,
        113967104,
        113967104,
        113967104,
        113967104
      ],
      "exit_codes": [
        0,
        0,
        0,
        0,
        0
      ]
    },
    {
      "command": "mimalloc+custom-alloc",
      "mean": 1.5959454616800002,
      "stddev": 0.09417009942713457,
      "median": 1.5655484692800001,
      "user": 8.09000706,
      "system": 0.36905678,
      "min": 1.5150784282800003,
      "max": 1.7575608872800002,
      "times": [
        1.7575608872800002,
        1.5655484692800001,
        1.5883964282800003,
        1.5531430952800003,
        1.5150784282800003
      ],
      "memory_usage_byte": [
        113967104,
        113967104,
        113967104,
        113967104,
        113967104
      ],
      "exit_codes": [
        0,
        0,
        0,
        0,
        0
      ]
    }
  ]
}
