{
  "results": [
    {
      "command": "default",
      "mean": 16.78638700926,
      "stddev": 0.26083237796562253,
      "median": 16.85677584226,
      "user": 153.76435406,
      "system": 1.4269170066666665,
      "min": 16.49758346726,
      "max": 17.00480171826,
      "times": [
        16.49758346726,
        16.85677584226,
        17.00480171826
      ],
      "memory_usage_byte": [
        840679424,
        840679424,
        840679424
      ],
      "exit_codes": [
        0,
        0,
        0
      ]
    },
    {
      "command": "mimalloc",
      "mean": 18.30807600892667,
      "stddev": 0.1811207773467,
      "median": 18.21486817526,
      "user": 164.1641243933333,
      "system": 1.8474796733333332,
      "min": 18.19254121726,
      "max": 18.51681863426,
      "times": [
        18.19254121726,
        18.51681863426,
        18.21486817526
      ],
      "memory_usage_byte": [
        884342784,
        884981760,
        884981760
      ],
      "exit_codes": [
        0,
        0,
        0
      ]
    },
    {
      "command": "custom-alloc",
      "mean": 18.492416231593335,
      "stddev": 0.6590852065237115,
      "median": 18.212645759260003,
      "user": 166.15782272666664,
      "system": 1.5607180066666666,
      "min": 18.01936617626,
      "max": 19.245236759260003,
      "times": [
        18.01936617626,
        18.212645759260003,
        19.245236759260003
      ],
      "memory_usage_byte": [
        884981760,
        884981760,
        884981760
      ],
      "exit_codes": [
        0,
        0,
        0
      ]
    },
    {
      "command": "mimalloc+custom-alloc",
      "mean": 21.581501550926664,
      "stddev": 0.6812826746766303,
      "median": 21.50170180026,
      "user": 189.34182306,
      "system": 2.100006673333333,
      "min": 20.94363296826,
      "max": 22.29916988426,
      "times": [
        20.94363296826,
        21.50170180026,
        22.29916988426
      ],
      "memory_usage_byte": [
        884981760,
        884981760,
        884981760
      ],
      "exit_codes": [
        0,
        0,
        0
      ]
    }
  ]
}
