{
  "results": [
    {
      "command": "solve_from_config",
      "mean": 16.368919780206667,
      "stddev": 0.4655781302655927,
      "median": 16.309046224539998,
      "user": 148.96269076666667,
      "system": 1.44914522,
      "min": 15.93617484954,
      "max": 16.86153826654,
      "times": [
        15.93617484954,
        16.309046224539998,
        16.86153826654
      ],
      "memory_usage_byte": [
        840466432,
        840466432,
        840466432
      ],
      "exit_codes": [
        0,
        0,
        0
      ]
    }
  ]
}
