{
  "results": [
    {
      "command": "solve_from_config",
      "mean": 16.94427915506,
      "stddev": 1.0705378372247396,
      "median": 17.24878092166,
      "user": 147.67684051999998,
      "system": 1.7631614799999997,
      "min": 15.623542796659999,
      "max": 18.18932496266,
      "times": [
        15.623542796659999,
        16.064751713659998,
        18.18932496266,
        17.59499538066,
        17.24878092166
      ],
      "memory_usage_byte": [
        839794688,
        839794688,
        840826880,
        840941568,
        840941568
      ],
      "exit_codes": [
        0,
        0,
        0,
        0,
        0
      ]
    }
  ]
}
