{
  "results": [
    {
      "command": "solve_from_config",
      "mean": 15.770177442826666,
      "stddev": 0.24609727882713026,
      "median": 15.79445434516,
      "user": 144.19466289333332,
      "system": 1.4846449933333332,
      "min": 15.51284142916,
      "max": 16.00323655416,
      "times": [
        15.51284142916,
        15.79445434516,
        16.00323655416
      ],
      "memory_usage_byte": [
        838385664,
        838385664,
        838385664
      ],
      "exit_codes": [
        0,
        0,
        0
      ]
    }
  ]
}
