{
  "results": [
    {
      "command": "solve_from_config",
      "mean": 18.047984509979997,
      "stddev": 0.1941891694338838,
      "median": 18.03047175998,
      "user": 154.77853883333333,
      "system": 9.14302386,
      "min": 17.86314488498,
      "max": 18.250336884979998,
      "times": [
        17.86314488498,
        18.03047175998,
        18.250336884979998
      ],
      "memory_usage_byte": [
        837926912,
        837926912,
        837926912
      ],
      "exit_codes": [
        0,
        0,
        0
      ]
    }
  ]
}
