{
  "results": [
    {
      "command": "solve_from_config",
      "mean": 15.80131828946,
      "stddev": 0.12296723555773974,
      "median": 15.76819999746,
      "user": 141.61241886666664,
      "system": 1.4671828466666668,
      "min": 15.69830183146,
      "max": 15.93745303946,
      "times": [
        15.76819999746,
        15.69830183146,
        15.93745303946
      ],
      "memory_usage_byte": [
        838909952,
        838909952,
        839204864
      ],
      "exit_codes": [
        0,
        0,
        0
      ]
    }
  ]
}
