{
  "results": [
    {
      "command": "solve_from_config",
      "mean": 1.5818228781800001,
      "stddev": 0.03094318895590679,
      "median": 1.59131099098,
      "user": 13.73568164,
      "system": 0.31565398,
      "min": 1.5370538234800002,
      "max": 1.6325375744800001,
      "times": [
        1.5370538234800002,
        1.54015224048,
        1.59166724048,
        1.59095474148,
        1.55721228248,
        1.5653782824800002,
        1.5931643234800001,
        1.6095384484800002,
        1.6325375744800001,
        1.6005698244800002
      ],
      "memory_usage_byte": [
        107544576,
        107544576,
        107544576,
        107593728,
        107593728,
        107593728,
        107708416,
        107708416,
        107708416,
        107708416
      ],
      "exit_codes": [
        0,
        0,
        0,
        0,
        0,
        0,
        0,
        0,
        0,
        0
      ]
    }
  ]
}
