{
  "results": [
    {
      "command": "solve_from_config",
      "mean": 17.58877548512,
      "stddev": 0.4229604305449738,
      "median": 17.69143633212,
      "user": 162.96715214,
      "system": 1.4419335333333334,
      "min": 17.12393437412,
      "max": 17.95095574912,
      "times": [
        17.12393437412,
        17.69143633212,
        17.95095574912
      ],
      "memory_usage_byte": [
        838467584,
        838467584,
        839204864
      ],
      "exit_codes": [
        0,
        0,
        0
      ]
    }
  ]
}
