{
  "results": [
    {
      "command": "solve_from_config",
      "mean": 16.92378154426,
      "stddev": 0.47782329974287074,
      "median": 16.85955283586,
      "user": 152.89668007999998,
      "system": 1.4581452600000002,
      "min": 16.363163043860002,
      "max": 17.55372825286,
      "times": [
        16.363163043860002,
        16.60659221086,
        16.85955283586,
        17.23587137786,
        17.55372825286
      ],
      "memory_usage_byte": [
        867647488,
        867647488,
        867647488,
        867647488,
        867647488
      ],
      "exit_codes": [
        0,
        0,
        0,
        0,
        0
      ]
    }
  ]
}
