{
  "results": [
    {
      "command": "solve_from_config",
      "mean": 16.73437051314,
      "stddev": 0.3791095995273564,
      "median": 16.62830458314,
      "user": 149.34134529333335,
      "system": 1.54459956,
      "min": 16.41959020714,
      "max": 17.15521674914,
      "times": [
        16.41959020714,
        17.15521674914,
        16.62830458314
      ],
      "memory_usage_byte": [
        839467008,
        839467008,
        839467008
      ],
      "exit_codes": [
        0,
        0,
        0
      ]
    }
  ]
}
