{
  "results": [
    {
      "command": "solve_from_config",
      "mean": 15.659555149373332,
      "stddev": 0.4616485199352402,
      "median": 15.725819427040001,
      "user": 141.90245287999997,
      "system": 1.45122016,
      "min": 15.16835517704,
      "max": 16.08449084404,
      "times": [
        15.16835517704,
        15.725819427040001,
        16.08449084404
      ],
      "memory_usage_byte": [
        841220096,
        841220096,
        841220096
      ],
      "exit_codes": [
        0,
        0,
        0
      ]
    }
  ]
}
