{
  "results": [
    {
      "command": "solve_from_config",
      "mean": 18.255568176353332,
      "stddev": 0.08808926552456955,
      "median": 18.21563171802,
      "user": 166.54963768666664,
      "system": 1.5245392866666665,
      "min": 18.194520801019998,
      "max": 18.35655201002,
      "times": [
        18.194520801019998,
        18.35655201002,
        18.21563171802
      ],
      "memory_usage_byte": [
        836976640,
        839401472,
        839401472
      ],
      "exit_codes": [
        0,
        0,
        0
      ]
    }
  ]
}
