{
  "results": [
    {
      "command": "solve_from_config",
      "mean": 15.977162388953332,
      "stddev": 0.6153277212106122,
      "median": 16.31100804162,
      "user": 138.64167773333332,
      "system": 1.5226020866666667,
      "min": 15.26706508362,
      "max": 16.35341404162,
      "times": [
        15.26706508362,
        16.35341404162,
        16.31100804162
      ],
      "memory_usage_byte": [
        861503488,
        863961088,
        863961088
      ],
      "exit_codes": [
        0,
        0,
        0
      ]
    }
  ]
}
