{
  "results": [
    {
      "command": "solve_from_config",
      "mean": 20.375627523179997,
      "stddev": 2.6842667544675143,
      "median": 20.662295848280003,
      "user": 163.15234551999998,
      "system": 2.10956564,
      "min": 16.71644416078,
      "max": 24.28571795178,
      "times": [
        16.71644416078,
        17.116171285780002,
        17.497793285780002,
        18.97992457778,
        20.46076741078,
        24.28571795178,
        22.644928994780003,
        22.41434595178,
        20.86382428578,
        22.77635732678
      ],
      "memory_usage_byte": [
        837582848,
        837730304,
        838746112,
        838746112,
        838746112,
        838746112,
        838746112,
        838746112,
        838746112,
        838746112
      ],
      "exit_codes": [
        0,
        0,
        0,
        0,
        0,
        0,
        0,
        0,
        0,
        0
      ]
    }
  ]
}
