{
  "results": [
    {
      "command": "solve_from_config",
      "mean": 17.042739737113333,
      "stddev": 0.0616082035613121,
      "median": 17.041882361779997,
      "user": 151.6348511466667,
      "system": 1.7143139600000001,
      "min": 16.981564695779998,
      "max": 17.104772153779997,
      "times": [
        17.104772153779997,
        16.981564695779998,
        17.041882361779997
      ],
      "memory_usage_byte": [
        839401472,
        839401472,
        839401472
      ],
      "exit_codes": [
        0,
        0,
        0
      ]
    }
  ]
}
