{
  "results": [
    {
      "command": "solve_from_config",
      "mean": 24.959139544,
      "stddev": 0.7209723679699034,
      "median": 24.973925331399997,
      "user": 201.2067487,
      "system": 11.066822479999999,
      "min": 23.7304843939,
      "max": 25.9023437269,
      "times": [
        24.967183143899998,
        24.7380565609,
        24.7392764779,
        23.980684768899998,
        24.9806675189,
        25.850395226899998,
        25.5983152279,
        25.1039883939,
        25.9023437269,
        23.7304843939
      ],
      "memory_usage_byte": [
        835878912,
        837025792,
        837025792,
        837025792,
        837976064,
        837976064,
        837976064,
        837976064,
        837976064,
        837976064
      ],
      "exit_codes": [
        0,
        0,
        0,
        0,
        0,
        0,
        0,
        0,
        0,
        0
      ]
    }
  ]
}
