{
  "results": [
    {
      "command": "solve_from_config",
      "mean": 18.33072279258,
      "stddev": 3.0503536791250725,
      "median": 17.25122055078,
      "user": 157.44250867999997,
      "system": 1.5118886799999998,
      "min": 16.56408092578,
      "max": 23.75832113478,
      "times": [
        16.56408092578,
        16.77400230078,
        17.25122055078,
        17.305989050780003,
        23.75832113478
      ],
      "memory_usage_byte": [
        859144192,
        859144192,
        866697216,
        866697216,
        866697216
      ],
      "exit_codes": [
        0,
        0,
        0,
        0,
        0
      ]
    }
  ]
}
