{
  "results": [
    {
      "command": "solve_from_config",
      "mean": 15.726755637533335,
      "stddev": 0.3915868544660276,
      "median": 15.7661993462,
      "user": 141.18523745333331,
      "system": 1.5621512533333333,
      "min": 15.3169396792,
      "max": 16.0971278872,
      "times": [
        15.3169396792,
        15.7661993462,
        16.0971278872
      ],
      "memory_usage_byte": [
        840302592,
        840302592,
        840302592
      ],
      "exit_codes": [
        0,
        0,
        0
      ]
    }
  ]
}
