{
  "results": [
    {
      "command": "solve_from_config",
      "mean": 22.431327533359998,
      "stddev": 0.21442855963239882,
      "median": 22.432192220559998,
      "user": 188.45533362,
      "system": 10.646380839999999,
      "min": 22.10845692856,
      "max": 22.80702247056,
      "times": [
        22.43729351256,
        22.42709092856,
        22.80702247056,
        22.10845692856,
        22.52440492956,
        22.59799009556,
        22.56344651256,
        22.31434297156,
        22.41914013756,
        22.11408684656
      ],
      "memory_usage_byte": [
        836960256,
        836960256,
        836960256,
        836960256,
        836960256,
        836960256,
        836960256,
        836960256,
        836960256,
        837353472
      ],
      "exit_codes": [
        0,
        0,
        0,
        0,
        0,
        0,
        0,
        0,
        0,
        0
      ]
    }
  ]
}
