{
  "results": [
    {
      "command": "solve_from_config",
      "mean": 16.880420093726666,
      "stddev": 0.26357099830402353,
      "median": 16.91982671906,
      "user": 145.65321543999997,
      "system": 1.7369462466666665,
      "min": 16.59936451006,
      "max": 17.122069052060002,
      "times": [
        16.59936451006,
        16.91982671906,
        17.122069052060002
      ],
      "memory_usage_byte": [
        838778880,
        838942720,
        838942720
      ],
      "exit_codes": [
        0,
        0,
        0
      ]
    }
  ]
}
