{
  "results": [
    {
      "command": "solve_from_config",
      "mean": 16.308652884186667,
      "stddev": 0.3259511853915698,
      "median": 16.29401630052,
      "user": 148.39759202666667,
      "system": 1.4143794133333334,
      "min": 15.99026655052,
      "max": 16.64167580152,
      "times": [
        15.99026655052,
        16.29401630052,
        16.64167580152
      ],
      "memory_usage_byte": [
        866418688,
        866418688,
        866418688
      ],
      "exit_codes": [
        0,
        0,
        0
      ]
    }
  ]
}
