{
  "results": [
    {
      "command": "solve_from_config",
      "mean": 16.60676097846,
      "stddev": 0.31062441099885946,
      "median": 16.730909284459997,
      "user": 152.67408590666665,
      "system": 1.4216083399999997,
      "min": 16.25326286746,
      "max": 16.83611078346,
      "times": [
        16.25326286746,
        16.730909284459997,
        16.83611078346
      ],
      "memory_usage_byte": [
        838123520,
        838123520,
        839843840
      ],
      "exit_codes": [
        0,
        0,
        0
      ]
    }
  ]
}
