{
  "results": [
    {
      "command": "solve_from_config",
      "mean": 16.261221470520002,
      "stddev": 0.31868125979067097,
      "median": 16.35696597872,
      "user": 146.66553912,
      "system": 1.36689432,
      "min": 15.87182056272,
      "max": 16.62017781172,
      "times": [
        15.98935485372,
        15.87182056272,
        16.35696597872,
        16.62017781172,
        16.46778814572
      ],
      "memory_usage_byte": [
        859111424,
        860897280,
        864206848,
        864206848,
        864206848
      ],
      "exit_codes": [
        0,
        0,
        0,
        0,
        0
      ]
    }
  ]
}
