{
  "results": [
    {
      "command": "solve_from_config",
      "mean": 15.56242600762,
      "stddev": 0.4522249825342726,
      "median": 15.42629749842,
      "user": 141.80813818,
      "system": 1.3730448199999998,
      "min": 15.123441374419999,
      "max": 16.095983291419998,
      "times": [
        15.123441374419999,
        15.182426916419999,
        15.42629749842,
        15.98398095742,
        16.095983291419998
      ],
      "memory_usage_byte": [
        838844416,
        838844416,
        838844416,
        838844416,
        839106560
      ],
      "exit_codes": [
        0,
        0,
        0,
        0,
        0
      ]
    }
  ]
}
