{
  "results": [
    {
      "command": "disabled",
      "mean": 16.585891999239998,
      "stddev": 0.7153449831029596,
      "median": 16.75459749964,
      "user": 148.72243502,
      "system": 1.5023478799999999,
      "min": 15.257896416140001,
      "max": 17.30151912414,
      "times": [
        15.257896416140001,
        15.50883691614,
        17.134660332139998,
        16.179121999139998,
        16.72910658314,
        16.78008841614,
        16.99269520714,
        16.70747079114,
        17.30151912414,
        17.26752420714
      ],
      "memory_usage_byte": [
        839188480,
        840122368,
        841613312,
        841613312,
        841613312,
        842186752,
        842186752,
        842186752,
        842186752,
        842186752
      ],
      "exit_codes": [
        0,
        0,
        0,
        0,
        0,
        0,
        0,
        0,
        0,
        0
      ]
    },
    {
      "command": "average",
      "mean": 21.021245053439998,
      "stddev": 0.5157987921794959,
      "median": 20.94454670764,
      "user": 176.25019052,
      "system": 9.92359278,
      "min": 20.406333333139997,
      "max": 21.73524924914,
      "times": [
        20.68675770814,
        21.498362416139997,
        21.477563041139998,
        20.674359999139998,
        20.412041790139998,
        20.406333333139997,
        20.59520487414,
        21.202335707139998,
        21.524242416139998,
        21.73524924914
      ],
      "memory_usage_byte": [
        842186752,
        842186752,
        842186752,
        842186752,
        842186752,
        842186752,
        842186752,
        842186752,
        842186752,
        842186752
      ],
      "exit_codes": [
        0,
        0,
        0,
        0,
        0,
        0,
        0,
        0,
        0,
        0
      ]
    },
    {
      "command": "max",
      "mean": 27.77697289894,
      "stddev": 8.280710090300202,
      "median": 23.99838979114,
      "user": 177.39659002000002,
      "system": 10.835207679999998,
      "min": 20.360883415139998,
      "max": 43.976457165140005,
      "times": [
        20.360883415139998,
        20.883337416139998,
        23.38781312414,
        23.19122324914,
        36.431163540140005,
        24.60896645814,
        21.42769299914,
        36.99808483214,
        43.976457165140005,
        26.50410679014
      ],
      "memory_usage_byte": [
        842186752,
        842186752,
        842186752,
        842186752,
        873447424,
        873447424,
        878067712,
        878067712,
        878067712,
        878067712
      ],
      "exit_codes": [
        0,
        0,
        0,
        0,
        0,
        0,
        0,
        0,
        0,
        0
      ]
    }
  ]
}
