{
  "results": [
    {
      "command": "quick_disabled",
      "mean": 1.6248063816400002,
      "stddev": 0.04974148858848179,
      "median": 1.6312875191400003,
      "user": 8.048931340000001,
      "system": 0.3677160199999999,
      "min": 1.54433853964,
      "max": 1.69708324864,
      "times": [
        1.65707983164,
        1.6276855816400002,
        1.64737187264,
        1.6176538316400002,
        1.69708324864,
        1.67511245664,
        1.59629512364,
        1.63488945664,
        1.5505538736400002,
        1.54433853964
      ],
      "memory_usage_byte": [
        110788608,
        110870528,
        110870528,
        110870528,
        110919680,
        110985216,
        110985216,
        110985216,
        110985216,
        110985216
      ],
      "exit_codes": [
        0,
        0,
        0,
        0,
        0,
        0,
        0,
        0,
        0,
        0
      ]
    },
    {
      "command": "quick_average",
      "mean": 3.1877403815400003,
      "stddev": 2.585466882006232,
      "median": 1.21812328964,
      "user": 9.464323940000002,
      "system": 2.0451322199999997,
      "min": 1.18514945664,
      "max": 6.6260129566399995,
      "times": [
        6.36953349764,
        6.6260129566399995,
        6.3858865816399994,
        5.275845706639999,
        1.21432258164,
        1.21611933164,
        1.18859895664,
        1.18514945664,
        1.19580749864,
        1.22012724764
      ],
      "memory_usage_byte": [
        111050752,
        111050752,
        111050752,
        111050752,
        111050752,
        111050752,
        111050752,
        111050752,
        111050752,
        111050752
      ],
      "exit_codes": [
        0,
        0,
        0,
        0,
        0,
        0,
        0,
        0,
        0,
        0
      ]
    },
    {
      "command": "quick_max",
      "mean": 1.1862106481399999,
      "stddev": 0.016373592680043483,
      "median": 1.18534593564,
      "user": 9.04400734,
      "system": 1.24092952,
      "min": 1.16379791564,
      "max": 1.2154336646400001,
      "times": [
        1.19246128964,
        1.17452487264,
        1.20928399764,
        1.2154336646400001,
        1.16940503964,
        1.16379791564,
        1.1877745396400001,
        1.1835784976400001,
        1.17873329064,
        1.18711337364
      ],
      "memory_usage_byte": [
        111050752,
        111050752,
        111050752,
        111050752,
        111050752,
        111050752,
        111050752,
        111050752,
        111050752,
        111050752
      ],
      "exit_codes": [
        0,
        0,
        0,
        0,
        0,
        0,
        0,
        0,
        0,
        0
      ]
    }
  ]
}
