{
  "results": [
    {
      "command": "solve_from_config",
      "mean": 0.8360771546933335,
      "stddev": 0.01497438110217071,
      "median": 0.8276601683600001,
      "user": 6.96817214,
      "system": 0.18491616,
      "min": 0.82720521036,
      "max": 0.8533660853600001,
      "times": [
        0.8533660853600001,
        0.8276601683600001,
        0.82720521036
      ],
      "memory_usage_byte": [
        107905024,
        107954176,
        107954176
      ],
      "exit_codes": [
        0,
        0,
        0
      ]
    }
  ]
}
