{
  "results": [
    {
      "command": "solve_from_config",
      "mean": 0.9291291263600002,
      "stddev": 0.060572085341234386,
      "median": 0.9159653073600001,
      "user": 7.35808302,
      "system": 0.21635445333333334,
      "min": 0.8762214323600002,
      "max": 0.9952006393600001,
      "times": [
        0.8762214323600002,
        0.9159653073600001,
        0.9952006393600001
      ],
      "memory_usage_byte": [
        107921408,
        108052480,
        108052480
      ],
      "exit_codes": [
        0,
        0,
        0
      ]
    }
  ]
}
