{
  "results": [
    {
      "command": "solve_from_config",
      "mean": 0.9057653019600002,
      "stddev": 0.01265811286371971,
      "median": 0.9029297189600001,
      "user": 7.52332984,
      "system": 0.19022549999999996,
      "min": 0.8947654679600001,
      "max": 0.9196007189600001,
      "times": [
        0.9029297189600001,
        0.8947654679600001,
        0.9196007189600001
      ],
      "memory_usage_byte": [
        107986944,
        107986944,
        107986944
      ],
      "exit_codes": [
        0,
        0,
        0
      ]
    }
  ]
}
