{
  "results": [
    {
      "command": "solve_from_config",
      "mean": 1.49486312832,
      "stddev": 0.06844951421537995,
      "median": 1.4676454160200003,
      "user": 11.19319368,
      "system": 1.5467868599999999,
      "min": 1.45151464502,
      "max": 1.67786852002,
      "times": [
        1.4685687290200002,
        1.4527615200200001,
        1.4764296030200001,
        1.46641568702,
        1.4667221030200002,
        1.4879283120200002,
        1.5340323530200002,
        1.46638981102,
        1.45151464502,
        1.67786852002
      ],
      "memory_usage_byte": [
        107708416,
        107855872,
        107855872,
        107855872,
        107855872,
        107855872,
        107855872,
        107855872,
        107855872,
        107855872
      ],
      "exit_codes": [
        0,
        0,
        0,
        0,
        0,
        0,
        0,
        0,
        0,
        0
      ]
    }
  ]
}
