{
  "results": [
    {
      "command": "solve_from_config",
      "mean": 1.44950146506,
      "stddev": 0.035136592948352925,
      "median": 1.4499746237600002,
      "user": 11.00010452,
      "system": 1.46333336,
      "min": 1.40148887376,
      "max": 1.52960983176,
      "times": [
        1.45827999776,
        1.45932299776,
        1.4419376237600001,
        1.41223312276,
        1.52960983176,
        1.45801162376,
        1.40148887376,
        1.46471916576,
        1.43839120676,
        1.43102020676
      ],
      "memory_usage_byte": [
        107806720,
        107806720,
        107806720,
        107806720,
        107823104,
        107823104,
        107823104,
        107823104,
        107823104,
        107823104
      ],
      "exit_codes": [
        0,
        0,
        0,
        0,
        0,
        0,
        0,
        0,
        0,
        0
      ]
    }
  ]
}
