{
  "results": [
    {
      "command": "solve_from_config",
      "mean": 1.17061858658,
      "stddev": 0.08257939642316646,
      "median": 1.14094077798,
      "user": 9.64233594,
      "system": 0.22347098,
      "min": 1.13235471648,
      "max": 1.4035759244800001,
      "times": [
        1.16927500748,
        1.15284792348,
        1.14147175748,
        1.13669613248,
        1.13706821548,
        1.13929425748,
        1.4035759244800001,
        1.15319213248,
        1.1404097984800001,
        1.13235471648
      ],
      "memory_usage_byte": [
        107855872,
        107855872,
        107986944,
        107986944,
        107986944,
        107986944,
        108036096,
        108036096,
        108036096,
        108036096
      ],
      "exit_codes": [
        0,
        0,
        0,
        0,
        0,
        0,
        0,
        0,
        0,
        0
      ]
    }
  ]
}
