{
  "results": [
    {
      "command": "solve_from_config",
      "mean": 16.98342052124,
      "stddev": 0.403144831705728,
      "median": 17.025592513240003,
      "user": 150.79933807999998,
      "system": 1.6980955599999998,
      "min": 16.40781601224,
      "max": 17.36453201324,
      "times": [
        16.40781601224,
        16.77659942924,
        17.025592513240003,
        17.34256263824,
        17.36453201324
      ],
      "memory_usage_byte": [
        841957376,
        842252288,
        848216064,
        848216064,
        848216064
      ],
      "exit_codes": [
        0,
        0,
        0,
        0,
        0
      ]
    }
  ]
}
