{
  "results": [
    {
      "command": "solve_from_config",
      "mean": 16.73523099626,
      "stddev": 0.1014639350632112,
      "median": 16.76007334326,
      "user": 150.12278886666667,
      "system": 1.553405373333333,
      "min": 16.62365301026,
      "max": 16.82196663526,
      "times": [
        16.62365301026,
        16.76007334326,
        16.82196663526
      ],
      "memory_usage_byte": [
        839073792,
        839073792,
        839073792
      ],
      "exit_codes": [
        0,
        0,
        0
      ]
    }
  ]
}
